,Subject_id
1,129242
2,129243
3,129244
4,129245
5,129246
6,129247
7,129248
8,129249
9,129250
10,129251
11,129252
12,129253
13,129254
14,129255
15,129256
16,129257
17,129258
18,129259
19,129260
20,129261
21,129262
22,129263
23,129264
24,129265
25,129266
26,129267
27,129268
28,129269
29,129270
30,129271
31,129272
32,129273
33,129274
34,129275
35,129276
36,129277
37,129278
38,129279
39,129280
40,129281
41,129282
42,129283
43,129284
44,129285
45,129286
46,129287
47,129288
48,129289
49,129290
50,129291
51,129292
52,129293
53,129294
54,129295
55,129296
56,129297
57,129298
58,129299
59,129300
60,129301
61,129302
62,129303
63,129304
64,129305
65,129306
66,129307
67,129308
68,129309
69,129310
70,129311
71,129312
72,129313
73,129314
74,129315
75,129316
76,129317
77,129318
78,129319
79,129320
80,129321
81,129322
82,129323
83,129324
84,129325
85,129326
86,129327
87,129328
88,129329
89,129330
90,129331
91,129332
92,129333
93,129334
94,129335
95,129336
96,129337
97,129338
98,129339
99,129340
100,129341
101,129342
102,129343
103,129344
104,129345
105,129346
106,129347
107,129348
108,129349
109,129350
110,129351
111,129352
112,129353
113,129354
114,129355
115,129356
116,129357
117,129358
118,129359
119,129360
120,129361
121,129362
122,129363
123,129364
124,129365
125,129366
126,129367
127,129368
128,129369
129,129370
130,129371
131,129372
132,129373
133,129374
134,129375
135,129376
136,129377
137,129378
138,129379
139,129380
140,129381
141,129382
142,129383
143,129384
144,129385
145,129386
146,129387
147,129388
148,129389
149,129390
150,129391
151,129392
152,129393
153,129394
154,129395
155,129396
156,129397
157,129398
158,129399
159,129400
160,129401
161,129402
162,129403
163,129404
164,129405
165,129406
166,129407
167,129408
168,129409
169,129410
170,129411
171,129412
172,129413
173,129414
174,129415
175,129416
176,129417
177,129418
178,129419
179,129420
180,129421
181,129422
182,129423
183,129424
184,129425
185,129426
186,129427
187,129428
188,129429
189,129430
190,129431
191,129432
192,129433
193,129434
194,129435
195,129436
196,129437
197,129438
198,129439
199,129440
200,129441
201,129442
202,129443
203,129444
204,129445
205,129446
206,129447
207,129448
208,129449
209,129450
210,129451
211,129452
212,129453
213,129454
214,129455
215,129456
216,129457
217,129458
218,129459
219,129460
220,129461
221,129462
222,129463
223,129464
224,129465
225,129466
226,129467
227,129468
228,129469
229,129470
230,129471
231,129472
232,129473
233,129474
234,129475
235,129476
236,129477
237,129478
238,129479
239,129480
240,129481
241,129482
242,129483
243,129484
244,129485
245,129486
246,129487
247,129488
248,129489
249,129490
250,129491
251,129492
252,129493
253,129494
254,129495
255,129496
256,129497
257,129498
258,129499
259,129500
260,129501
261,129502
262,129503
263,129504
264,129505
265,129506
266,129507
267,129508
268,129509
269,129510
270,129511
271,129512
272,129513
273,129514
274,129515
275,129516
276,129517
277,129518
278,129519
279,129520
280,129521
281,129522
282,129523
283,129524
284,129525
285,129526
286,129527
287,129528
288,129529
289,129530
290,129531
291,129532
292,129533
293,129534
294,129535
295,129536
296,129537
297,129538
298,129539
299,129540
300,129541
301,129542
302,129543
303,129544
304,129545
305,129546
306,129547
307,129548
308,129549
309,129550
310,129551
311,129552
312,129553
313,129554
314,129555
315,129556
316,129557
317,129558
318,129559
319,129560
320,129561
321,129562
322,129563
323,129564
324,129565
325,129566
326,129567
327,129568
328,129569
329,129570
330,129571
331,129572
332,129573
333,129574
334,129575
335,129576
336,129577
337,129578
338,129579
339,129580
340,129581
341,129582
342,129583
343,129584
344,129585
345,129586
346,129587
347,129588
348,129589
349,129590
350,129591
351,129592
352,129593
353,129594
354,129595
355,129596
356,129597
357,129598
358,129599
359,129600
360,129601
361,129602
362,129603
363,129604
364,129605
365,129606
366,129607
367,129608
368,129609
369,129610
370,129611
371,129612
372,129613
373,129614
374,129615
375,129616
376,129617
377,129618
378,129619
379,129620
380,129621
381,129622
382,129623
383,129624
384,129625
385,129626
386,129627
387,129628
388,129629
389,129630
390,129631
391,129632
392,129633
393,129634
394,129635
395,129636
396,129637
397,129638
398,129639
399,129640
400,129641
401,129642
402,129643
403,129644
404,129645
405,129646
406,129647
407,129648
408,129649
409,129650
410,129651
411,129652
412,129653
413,129654
414,129655
415,129656
416,129657
417,129658
418,129659
419,129660
420,129661
421,129662
422,129663
423,129664
424,129665
425,129666
426,129667
427,129668
428,129669
429,129670
430,129671
431,129672
432,129673
433,129674
434,129675
435,129676
436,129677
437,129678
438,129679
439,129680
440,129681
441,129682
442,129683
443,129684
444,129685
445,129686
446,129687
447,129688
448,129689
449,129690
450,129691
451,129692
452,129693
453,129694
454,129695
455,129696
456,129697
457,129698
458,129699
459,129700
460,129701
461,129702
462,129703
463,129704
464,129705
465,129706
466,129707
467,129708
468,129709
469,129710
470,129711
471,129712
472,129713
473,129714
474,129715
475,129716
476,129717
477,129718
478,129719
479,129720
480,129721
481,129722
482,129723
483,129724
484,129725
485,129726
486,129727
487,129728
488,129729
489,129730
490,129731
491,129732
492,129733
493,129734
494,129735
495,129736
496,129737
497,129738
498,129739
499,129740
500,129741
501,129742
502,129743
503,129744
504,129745
505,129746
506,129747
507,129748
508,129749
509,129750
510,129751
511,129752
512,129753
513,129754
514,129755
515,129756
516,129757
517,129758
518,129759
519,129760
520,129761
521,129762
522,129763
523,129764
524,129765
525,129766
526,129767
527,129768
528,129769
529,129770
530,129771
531,129772
532,129773
533,129774
534,129775
535,129776
536,129777
537,129778
538,129779
539,129780
540,129781
541,129782
542,129783
543,129784
544,129785
545,129786
546,129787
547,129788
548,129789
549,129790
550,129791
551,129792
552,129793
553,129794
554,129795
555,129796
556,129797
557,129798
558,129799
559,129800
560,129801
561,129802
562,129803
563,129804
564,129805
565,129806
566,129807
567,129808
568,129809
569,129810
570,129811
571,129812
572,129813
573,129814
574,129815
575,129816
576,129817
577,129818
578,129819
579,129820
580,129821
581,129822
582,129823
583,129824
584,129825
585,129826
586,129827
587,129828
588,129829
589,129830
590,129831
591,129832
592,129833
593,129834
594,129835
595,129836
596,129837
597,129838
598,129839
599,129840
600,129841
601,129842
602,129843
603,129844
604,129845
605,129846
606,129847
607,129848
608,129849
609,129850
610,129851
611,129852
612,129853
613,129854
614,129855
615,129856
616,129857
617,129858
618,129859
619,129860
620,129861
621,129862
622,129863
623,129864
624,129865
625,129866
626,129867
627,129868
628,129869
629,129870
630,129871
631,129872
632,129873
633,129874
634,129875
635,129876
636,129877
637,129878
638,129879
639,129880
640,129881
641,129882
642,129883
643,129884
644,129885
645,129886
646,129887
647,129888
648,129889
649,129890
650,129891
651,129892
652,129893
653,129894
654,129895
655,129896
656,129897
657,129898
658,129899
659,129900
660,129901
661,129902
662,129903
663,129904
664,129905
665,129906
666,129907
667,129908
668,129909
669,129910
670,129911
671,129912
672,129913
673,129914
674,129915
675,129916
676,129917
677,129918
678,129919
679,129920
680,129921
681,129922
682,129923
683,129924
684,129925
685,129926
686,129927
687,129928
688,129929
689,129930
690,129931
691,129932
692,129933
693,129934
694,129935
695,129936
696,129937
697,129938
698,129939
699,129940
700,129941
701,129942
702,129943
703,129944
704,129945
705,129946
706,129947
707,129948
708,129949
709,129950
710,129951
711,129952
712,129953
713,129954
714,129955
715,129956
716,129957
717,129958
718,129959
719,129960
720,129961
721,129962
722,129963
723,129964
724,129965
725,129966
726,129967
727,129968
728,129969
729,129970
730,129971
731,129972
732,129973
733,129974
734,129975
735,129976
736,129977
737,129978
738,129979
739,129980
740,129981
741,129982
742,129983
743,129984
744,129985
745,129986
746,129987
747,129988
748,129989
749,129990
750,129991
751,129992
752,129993
753,129994
754,129995
755,129996
756,129997
757,129998
758,129999
759,130000
760,130001
761,130002
762,130003
763,130004
764,130005
765,130006
766,130007
767,130008
768,130009
769,130010
770,130011
771,130012
772,130013
773,130014
774,130015
775,130016
776,130017
777,130018
778,130019
779,130020
780,130021
781,130022
782,130023
783,130024
784,130025
785,130026
786,130027
787,130028
788,130029
789,130030
790,130031
791,130032
792,130033
793,130034
794,130035
795,130036
796,130037
797,130038
798,130039
799,130040
800,130041
801,130042
802,130043
803,130044
804,130045
805,130046
806,130047
807,130048
808,130049
809,130050
810,130051
811,130052
812,130053
813,130054
814,130055
815,130056
816,130057
817,130058
818,130059
819,130060
820,130061
821,130062
822,130063
823,130064
824,130065
825,130066
826,130067
827,130068
828,130069
829,130070
830,130071
831,130072
832,130073
833,130074
834,130075
835,130076
836,130077
837,130078
838,130079
839,130080
840,130081
841,130082
842,130083
843,130084
844,130085
845,130086
846,130087
847,130088
848,130089
849,130090
850,130091
851,130092
852,130093
853,130094
854,130095
855,130096
856,130097
857,130098
858,130099
859,130100
860,130101
861,130102
862,130103
863,130104
864,130105
865,130106
866,130107
867,130108
868,130109
869,130110
870,130111
871,130112
872,130113
873,130114
874,130115
875,130116
876,130117
877,130118
878,130119
879,130120
880,130121
881,130122
882,130123
883,130124
884,130125
885,130126
886,130127
887,130128
888,130129
889,130130
890,130131
891,130132
892,130133
893,130134
894,130135
895,130136
896,130137
897,130138
898,130139
899,130140
900,130141
901,130142
902,130143
903,130144
904,130145
905,130146
906,130147
907,130148
908,130149
909,130150
910,130151
911,130152
912,130153
913,130154
914,130155
915,130156
916,130157
917,130158
918,130159
919,130160
920,130161
921,130162
922,130163
923,130164
924,130165
925,130166
926,130167
927,130168
928,130169
929,130170
930,130171
931,130172
932,130173
933,130174
934,130175
935,130176
936,130177
937,130178
938,130179
939,130180
940,130181
941,130182
942,130183
943,130184
944,130185
945,130186
946,130187
947,130188
948,130189
949,130190
950,130191
951,130192
952,130193
953,130194
954,130195
955,130196
956,130197
957,130198
958,130199
959,130200
960,130201
961,130202
962,130203
963,130204
964,130205
965,130206
966,130207
967,130208
968,130209
969,130210
970,130211
971,130212
972,130213
973,130214
974,130215
975,130216
976,130217
977,130218
978,130219
979,130220
980,130221
981,130222
982,130223
983,130224
984,130225
985,130226
986,130227
987,130228
988,130229
989,130230
990,130231
991,130232
992,130233
993,130234
994,130235
995,130236
996,130237
997,130238
998,130239
999,130240
1000,130241
1001,130242
1002,130243
1003,130244
1004,130245
1005,130246
1006,130247
1007,130248
1008,130249
1009,130250
1010,130251
1011,130252
1012,130253
1013,130254
1014,130255
1015,130256
1016,130257
1017,130258
1018,130259
1019,130260
1020,130261
1021,130262
1022,130263
1023,130264
1024,130265
1025,130266
1026,130267
1027,130268
1028,130269
1029,130270
1030,130271
1031,130272
1032,130273
1033,130274
1034,130275
1035,130276
1036,130277
1037,130278
1038,130279
1039,130280
1040,130281
1041,130282
1042,130283
1043,130284
1044,130285
1045,130286
1046,130287
1047,130288
1048,130289
1049,130290
1050,130291
1051,130292
1052,130293
1053,130294
1054,130295
1055,130296
1056,130297
1057,130298
1058,130299
1059,130300
1060,130301
1061,130302
1062,130303
1063,130304
1064,130305
1065,130306
1066,130307
1067,130308
1068,130309
1069,130310
1070,130311
1071,130312
1072,130313
1073,130314
1074,130315
1075,130316
1076,130317
1077,130318
1078,130319
1079,130320
1080,130321
1081,130322
1082,130323
1083,130324
1084,130325
1085,130326
1086,130327
1087,130328
1088,130329
1089,130330
1090,130331
1091,130332
1092,130333
1093,130334
1094,130335
1095,130336
1096,130337
1097,130338
1098,130339
1099,130340
1100,130341
1101,130342
1102,130343
1103,130344
1104,130345
1105,130346
1106,130347
1107,130348
1108,130349
1109,130350
1110,130351
1111,130352
1112,130353
1113,130354
1114,130355
1115,130356
1116,130357
1117,130358
1118,130359
1119,130360
1120,130361
1121,130362
1122,130363
1123,130364
1124,130365
1125,130366
1126,130367
1127,130368
1128,130369
1129,130370
1130,130371
1131,130372
1132,130373
1133,130374
1134,130375
1135,130376
1136,130377
1137,130378
1138,130379
1139,130380
1140,130381
1141,130382
1142,130383
1143,130384
1144,130385
1145,130386
1146,130387
1147,130388
1148,130389
1149,130390
1150,130391
1151,130392
1152,130393
1153,130394
1154,130395
1155,130396
1156,130397
1157,130398
1158,130399
1159,130400
1160,130401
1161,130402
1162,130403
1163,130404
1164,130405
1165,130406
1166,130407
1167,130408
1168,130409
1169,130410
1170,130411
1171,130412
1172,130413
1173,130414
1174,130415
1175,130416
1176,130417
1177,130418
1178,130419
1179,130420
1180,130421
1181,130422
1182,130423
1183,130424
1184,130425
1185,130426
1186,130427
1187,130428
1188,130429
1189,130430
1190,130431
1191,130432
1192,130433
1193,130434
1194,130435
1195,130436
1196,130437
1197,130438
1198,130439
1199,130440
1200,130441
1201,130442
1202,130443
1203,130444
1204,130445
1205,130446
1206,130447
1207,130448
1208,130449
1209,130450
1210,130451
1211,130452
1212,130453
1213,130454
1214,130455
1215,130456
1216,130457
1217,130458
1218,130459
1219,130460
1220,130461
1221,130462
1222,130463
1223,130464
1224,130465
1225,130466
1226,130467
1227,130468
1228,130469
1229,130470
1230,130471
1231,130472
1232,130473
1233,130474
1234,130475
1235,130476
1236,130477
1237,130478
1238,130479
1239,130480
1240,130481
1241,130482
1242,130483
1243,130484
1244,130485
1245,130486
1246,130487
1247,130488
1248,130489
1249,130490
1250,130491
1251,130492
1252,130493
1253,130494
1254,130495
1255,130496
1256,130497
1257,130498
1258,130499
1259,130500
1260,130501
1261,130502
1262,130503
1263,130504
1264,130505
1265,130506
1266,130507
1267,130508
1268,130509
1269,130510
1270,130511
1271,130512
1272,130513
1273,130514
1274,130515
1275,130516
1276,130517
1277,130518
1278,130519
1279,130520
1280,130521
1281,130522
1282,130523
1283,130524
1284,130525
1285,130526
1286,130527
1287,130528
1288,130529
1289,130530
1290,130531
1291,130532
1292,130533
1293,130534
1294,130535
1295,130536
1296,130537
1297,130538
1298,130539
1299,130540
1300,130541
1301,130542
1302,130543
1303,130544
1304,130545
1305,130546
1306,130547
1307,130548
1308,130549
1309,130550
1310,130551
1311,130552
1312,130553
1313,130554
1314,130555
1315,130556
1316,130557
1317,130558
1318,130559
1319,130560
1320,130561
1321,130562
1322,130563
1323,130564
1324,130565
1325,130566
1326,130567
1327,130568
1328,130569
1329,130570
1330,130571
1331,130572
1332,130573
1333,130574
1334,130575
1335,130576
1336,130577
1337,130578
1338,130579
1339,130580
1340,130581
1341,130582
1342,130583
1343,130584
1344,130585
1345,130586
1346,130587
1347,130588
1348,130589
1349,130590
1350,130591
1351,130592
1352,130593
1353,130594
1354,130595
1355,130596
1356,130597
1357,130598
1358,130599
1359,130600
1360,130601
1361,130602
1362,130603
1363,130604
1364,130605
1365,130606
1366,130607
1367,130608
1368,130609
1369,130610
1370,130611
1371,130612
1372,130613
1373,130614
1374,130615
1375,130616
1376,130617
1377,130618
1378,130619
1379,130620
1380,130621
1381,130622
1382,130623
1383,130624
1384,130625
1385,130626
1386,130627
1387,130628
1388,130629
1389,130630
1390,130631
1391,130632
1392,130633
1393,130634
1394,130635
1395,130636
1396,130637
1397,130638
1398,130639
1399,130640
1400,130641
1401,130642
1402,130643
1403,130644
1404,130645
1405,130646
1406,130647
1407,130648
1408,130649
1409,130650
1410,130651
1411,130652
1412,130653
1413,130654
1414,130656
1415,130657
1416,130658
1417,130659
1418,130660
1419,130661
1420,130662
1421,130663
1422,130664
1423,130665
1424,130666
1425,130667
1426,130668
1427,130669
1428,130670
1429,130671
1430,130672
1431,130673
1432,130674
1433,130675
1434,130676
1435,130677
1436,130678
1437,130679
1438,130680
1439,130681
1440,130682
1441,130683
1442,130684
1443,130685
1444,130686
1445,130687
1446,130688
1447,130689
1448,130690
1449,130691
1450,130692
1451,130693
1452,130694
1453,130695
1454,130696
1455,130697
1456,130698
1457,130699
1458,130700
1459,130701
1460,130702
1461,130703
1462,130704
1463,130705
1464,130706
1465,130707
1466,130708
1467,130709
1468,130710
1469,130711
1470,130712
1471,130713
1472,130714
1473,130715
1474,130716
1475,130717
1476,130718
1477,130719
1478,130720
1479,130721
1480,130722
1481,130723
1482,130724
1483,130725
1484,130726
1485,130727
1486,130728
1487,130729
1488,130730
1489,130731
1490,130732
1491,130733
1492,130734
1493,130735
1494,130736
1495,130737
1496,130738
1497,130739
1498,130740
1499,130741
1500,130742
1501,130743
1502,130744
1503,130745
1504,130746
1505,130747
1506,130748
1507,130749
1508,130750
1509,130751
1510,130752
1511,130753
1512,130754
1513,130755
1514,130756
1515,130757
1516,130758
1517,130759
1518,130760
1519,130761
1520,130762
1521,130763
1522,130764
1523,130765
1524,130766
1525,130767
1526,130768
1527,130769
1528,130770
1529,130771
1530,130772
1531,130773
1532,130774
1533,130775
1534,130776
1535,130777
1536,130778
1537,130779
1538,130780
1539,130781
1540,130782
1541,130783
1542,130784
1543,130785
1544,130786
1545,130787
1546,130788
1547,130789
1548,130790
1549,130791
1550,130792
1551,130793
1552,130794
1553,130795
1554,130796
1555,130797
1556,130798
1557,130799
1558,130800
1559,130801
1560,130802
1561,130803
1562,130804
1563,130805
1564,130806
1565,130807
1566,130808
1567,130809
1568,130810
1569,130811
1570,130812
1571,130813
1572,130814
1573,130815
1574,130816
1575,130817
1576,130818
1577,130819
1578,130820
1579,130821
1580,130822
1581,130823
1582,130824
1583,130825
1584,130826
1585,130827
1586,130828
1587,130829
1588,130830
1589,130831
1590,130832
1591,130833
1592,130834
1593,130835
1594,130836
1595,130837
1596,130838
1597,130839
1598,130840
1599,130841
1600,130842
1601,130843
1602,130844
1603,130845
1604,130846
1605,130847
1606,130848
1607,130849
1608,130850
1609,130851
1610,130852
1611,130853
1612,130854
1613,130855
1614,130856
1615,130857
1616,130858
1617,130859
1618,130860
1619,130861
1620,130862
1621,130863
1622,130864
1623,130865
1624,130866
1625,130867
1626,130868
1627,130869
1628,130870
1629,130871
1630,130872
1631,130873
1632,130874
1633,130875
1634,130876
1635,130877
1636,130878
1637,130879
1638,130880
1639,130881
1640,130882
1641,130883
1642,130884
1643,130885
1644,130886
1645,130887
1646,130888
1647,130889
1648,130890
1649,130891
1650,130892
1651,130893
1652,130894
1653,130895
1654,130896
1655,130897
1656,130898
1657,130899
1658,130900
1659,130901
1660,130902
1661,130903
1662,130904
1663,130905
1664,130906
1665,130907
1666,130908
1667,130909
1668,130910
1669,130911
1670,130912
1671,130913
1672,130914
1673,130915
1674,130916
1675,130917
1676,130918
1677,130919
1678,130920
1679,130921
1680,130922
1681,130923
1682,130924
1683,130925
1684,130926
1685,130927
1686,130928
1687,130929
1688,130930
1689,130931
1690,130932
1691,130933
1692,130934
1693,130935
1694,130936
1695,130937
1696,130938
1697,130939
1698,130940
1699,130941
1700,130942
1701,130943
1702,130944
1703,130945
1704,130946
1705,130947
1706,130948
1707,130949
1708,130950
1709,130951
1710,130952
1711,130953
1712,130954
1713,130955
1714,130956
1715,130957
1716,130958
1717,130959
1718,130960
1719,130961
1720,130962
1721,130963
1722,130964
1723,130965
1724,130966
1725,130967
1726,130968
1727,130969
1728,130970
1729,130971
1730,130972
1731,130973
1732,130974
1733,130975
1734,130976
1735,130977
1736,130978
1737,130979
1738,130980
1739,130981
1740,130982
1741,130983
1742,130984
1743,130985
1744,130986
1745,130987
1746,130988
1747,130989
1748,130990
1749,130991
1750,130992
1751,130993
1752,130994
1753,130995
1754,130996
1755,130997
1756,130998
1757,130999
1758,131000
1759,131001
1760,131002
1761,131003
1762,131004
1763,131005
1764,131006
1765,131007
1766,131008
1767,131009
1768,131010
1769,131011
1770,131012
1771,131013
1772,131014
1773,131015
1774,131016
1775,131017
1776,131018
1777,131019
1778,131020
1779,131021
1780,131022
1781,131023
1782,131024
1783,131025
1784,131026
1785,131027
1786,131028
1787,131029
1788,131030
1789,131031
1790,131032
1791,131033
1792,131034
1793,131035
1794,131036
1795,131037
1796,131038
1797,131039
1798,131040
1799,131041
1800,131042
1801,131043
1802,131044
1803,131045
1804,131046
1805,131047
1806,131048
1807,131049
1808,131050
1809,131051
1810,131052
1811,131053
1812,131054
1813,131055
1814,131056
1815,131057
1816,131058
1817,131059
1818,131060
1819,131061
1820,131062
1821,131063
1822,131064
1823,131065
1824,131066
1825,131067
1826,131068
1827,131069
1828,131070
1829,131071
1830,131072
1831,131073
1832,131074
1833,131075
1834,131076
1835,131077
1836,131078
1837,131079
1838,131080
1839,131081
1840,131082
1841,131083
1842,131084
1843,131085
1844,131086
1845,131087
1846,131088
1847,131089
1848,131090
1849,131091
1850,131092
1851,131093
1852,131094
1853,131095
1854,131096
1855,131097
1856,131098
1857,131099
1858,131100
1859,131101
1860,131102
1861,131103
1862,131104
1863,131105
1864,131106
1865,131107
1866,131108
1867,131109
1868,131110
1869,131111
1870,131112
1871,131113
1872,131114
1873,131115
1874,131116
1875,131117
1876,131118
1877,131119
1878,131120
1879,131121
1880,131122
1881,131123
1882,131124
1883,131125
1884,131126
1885,131127
1886,131128
1887,131129
1888,131130
1889,131131
1890,131132
1891,131133
1892,131134
1893,131135
1894,131136
1895,131137
1896,131138
1897,131139
1898,131140
1899,131141
1900,131142
1901,131143
1902,131144
1903,131145
1904,131146
1905,131147
1906,131148
1907,131149
1908,131150
1909,131151
1910,131152
1911,131153
1912,131154
1913,131155
1914,131156
1915,131157
1916,131158
1917,131159
1918,131160
1919,131161
1920,131162
1921,131163
1922,131164
1923,131165
1924,131166
1925,131167
1926,131168
1927,131169
1928,131170
1929,131171
1930,131172
1931,131173
1932,131174
1933,131175
1934,131176
1935,131177
1936,131178
1937,131179
1938,131180
1939,131181
1940,131182
1941,131183
1942,131184
1943,131185
1944,131186
1945,131187
1946,131188
1947,131189
1948,131190
1949,131191
1950,131192
1951,131193
1952,131194
1953,131195
1954,131196
1955,131197
1956,131198
1957,131199
1958,131200
1959,131201
1960,131202
1961,131203
1962,131204
1963,131205
1964,131206
1965,131207
1966,131208
1967,131209
1968,131210
1969,131211
1970,131212
1971,131213
1972,131214
1973,131215
1974,131216
1975,131247
1976,131248
1977,131249
1978,131250
1979,131251
1980,131252
1981,131253
1982,131254
1983,131255
1984,131256
1985,131257
1986,131259
1987,131260
1988,131261
1989,131262
1990,131263
1991,131264
1992,131265
1993,131266
1994,131267
1995,131268
1996,131269
1997,131270
1998,131271
1999,131272
2000,131273
2001,131274
2002,131275
2003,131276
2004,131278
2005,131279
2006,131280
2007,131281
2008,131282
2009,131284
2010,131285
2011,131286
2012,131287
2013,131288
2014,131289
2015,131290
2016,131291
2017,131292
2018,131293
2019,131295
2020,131296
2021,131297
2022,131298
2023,131299
2024,131300
2025,131302
2026,131303
2027,131304
2028,131305
2029,131306
2030,131307
2031,131308
2032,131310
2033,131312
2034,131313
2035,131315
2036,131316
2037,131318
2038,131319
2039,131320
2040,131321
2041,131322
2042,131323
2043,131324
2044,131325
2045,131326
2046,131327
2047,131328
2048,131329
2049,131330
2050,131331
2051,131332
2052,131333
2053,131334
2054,131335
2055,131336
2056,131337
2057,131338
2058,131339
2059,131341
2060,131342
2061,131343
2062,131345
2063,131346
2064,131347
2065,131349
2066,131351
2067,131352
2068,131353
2069,131354
2070,131355
2071,131356
2072,131357
2073,131358
2074,131359
2075,131361
2076,131362
2077,131363
2078,131364
2079,131365
2080,131366
2081,131367
2082,131368
2083,131369
2084,131370
2085,131372
2086,131373
2087,131374
2088,131375
2089,131376
2090,131377
2091,131378
2092,131379
2093,131380
2094,131381
2095,131382
2096,131383
2097,131384
2098,131385
2099,131386
2100,131387
2101,131388
2102,131389
2103,131390
2104,131391
2105,131392
2106,131393
2107,131394
2108,131395
2109,131396
2110,131397
2111,131398
2112,131400
2113,131401
2114,131402
2115,131403
2116,131404
2117,131405
2118,131406
2119,131407
2120,131408
2121,131409
2122,131410
2123,131411
2124,131412
2125,131414
2126,131416
2127,131417
2128,131418
2129,131419
2130,131420
2131,131421
2132,131422
2133,131423
2134,131424
2135,131425
2136,131426
2137,131427
2138,131428
2139,131429
2140,131430
2141,131431
2142,131432
2143,131433
2144,131434
2145,131435
2146,131436
2147,131438
2148,131439
2149,131440
2150,131441
2151,131442
2152,131443
2153,131444
2154,131445
2155,131446
2156,131447
2157,131448
2158,131449
2159,131450
2160,131451
2161,131452
2162,131453
2163,131454
2164,131455
2165,131456
2166,131457
2167,131458
2168,131459
2169,131460
2170,131461
2171,131462
2172,131463
2173,131464
2174,131465
2175,131467
2176,131468
2177,131469
2178,131470
2179,131471
2180,131472
2181,131473
2182,131474
2183,131475
2184,131476
2185,131477
2186,131478
2187,131479
2188,131480
2189,131482
2190,131483
2191,131484
2192,131485
2193,131486
2194,131487
2195,131488
2196,131490
2197,131491
2198,131492
2199,131493
2200,131494
2201,131495
2202,131496
2203,131497
2204,131498
2205,131500
2206,131501
2207,131502
2208,131503
2209,131505
2210,131506
2211,131507
2212,131508
2213,131509
2214,131510
2215,131511
2216,131512
2217,131513
2218,131515
2219,131516
2220,131518
2221,131519
2222,131520
2223,131521
2224,131522
2225,131523
2226,131524
2227,131525
2228,131527
2229,131528
2230,131529
2231,131530
2232,131531
2233,131532
2234,131533
2235,131534
2236,131535
2237,131536
2238,131537
2239,131538
2240,131539
2241,131540
2242,131541
2243,131542
2244,131543
2245,131544
2246,131545
2247,131546
2248,131547
2249,131548
2250,131549
2251,131550
2252,131551
2253,131552
2254,131553
2255,131554
2256,131555
2257,131556
2258,131557
2259,131558
2260,131559
2261,131560
2262,131561
2263,131562
2264,131563
2265,131564
2266,131565
2267,131566
2268,131567
2269,131568
2270,131570
2271,131571
2272,131572
2273,131573
2274,131574
2275,131575
2276,131577
2277,131578
2278,131579
2279,131580
2280,131581
2281,131583
2282,131584
2283,131585
2284,131586
2285,131587
2286,131588
2287,131589
2288,131590
2289,131591
2290,131592
2291,131593
2292,131594
2293,131596
2294,131597
2295,131598
2296,131599
2297,131600
2298,131602
2299,131603
2300,131604
2301,131605
2302,131606
2303,131607
2304,131609
2305,131610
2306,131611
2307,131612
2308,131614
2309,131615
2310,131616
2311,131617
2312,131618
2313,131619
2314,131620
2315,131621
2316,131622
2317,131623
2318,131624
2319,131625
2320,131626
2321,131628
2322,131629
2323,131630
2324,131631
2325,131632
2326,131633
2327,131634
2328,131635
2329,131636
2330,131637
2331,131638
2332,131639
2333,131640
2334,131642
2335,131643
2336,131644
2337,131645
2338,131646
2339,131647
2340,131648
2341,131650
2342,131652
2343,131653
2344,131654
2345,131655
2346,131656
2347,131657
2348,131658
2349,131659
2350,131660
2351,131662
2352,131664
2353,131665
2354,131667
2355,131668
2356,131669
2357,131670
2358,131671
2359,131672
2360,131674
2361,131675
2362,131677
2363,131678
2364,131679
2365,131680
2366,131681
2367,131682
2368,131684
2369,131685
2370,131686
2371,131687
2372,131689
2373,131690
2374,131691
2375,131692
2376,131693
2377,131694
2378,131695
2379,131697
2380,131698
2381,131699
2382,131700
2383,131702
2384,131703
2385,131704
2386,131705
2387,131707
2388,131708
2389,131709
2390,131710
2391,131711
2392,131712
2393,131713
2394,131714
2395,131715
2396,131716
2397,131717
2398,131718
2399,131719
2400,131721
2401,131722
2402,131723
2403,131724
2404,131725
2405,131726
2406,131727
2407,131728
2408,131729
2409,131730
2410,131731
2411,131732
2412,131733
2413,131734
2414,131736
2415,131737
2416,131738
2417,131739
2418,131740
2419,131741
2420,131743
2421,131744
2422,131745
2423,131746
2424,131747
2425,131748
2426,131749
2427,131750
2428,131751
2429,131752
2430,131753
2431,131754
2432,131755
2433,131756
2434,131757
2435,131758
2436,131759
2437,131760
2438,131761
2439,131762
2440,131763
2441,131764
2442,131765
2443,131766
2444,131767
2445,131769
2446,131770
2447,131771
2448,131772
2449,131774
2450,131775
2451,131776
2452,131777
2453,131778
2454,131779
2455,131780
2456,131781
2457,131782
2458,131783
2459,131784
2460,131785
2461,131786
2462,131787
2463,131788
2464,131789
2465,131790
2466,131791
2467,131792
2468,131793
2469,131794
2470,131795
2471,131796
2472,131797
2473,131798
2474,131799
2475,131800
2476,131801
2477,131802
2478,131803
2479,131804
2480,131805
2481,131806
2482,131807
2483,131808
2484,131809
2485,131810
2486,131811
2487,131812
2488,131813
2489,131814
2490,131815
2491,131816
2492,131817
2493,131818
2494,131819
2495,131820
2496,131821
2497,131822
2498,131823
2499,131824
2500,131825
2501,131826
2502,131827
2503,131828
2504,131829
2505,131830
2506,131831
2507,131833
2508,131834
2509,131835
2510,131836
2511,131837
2512,131838
2513,131839
2514,131841
2515,131842
2516,131843
2517,131845
2518,131846
2519,131847
2520,131849
2521,131850
2522,131852
2523,131854
2524,131855
2525,131856
2526,131857
2527,131858
2528,131859
2529,131860
2530,131861
2531,131862
2532,131863
2533,131864
2534,131865
2535,131867
2536,131868
2537,131869
2538,131870
2539,131871
2540,131872
2541,131873
2542,131874
2543,131875
2544,131876
2545,131877
2546,131878
2547,131879
2548,131880
2549,131881
2550,131882
2551,131883
2552,131884
2553,131885
2554,131886
2555,131887
2556,131888
2557,131889
2558,131890
2559,131891
2560,131892
2561,131893
2562,131894
2563,131895
2564,131897
2565,131898
2566,131899
2567,131900
2568,131901
2569,131902
2570,131903
2571,131904
2572,131905
2573,131907
2574,131908
2575,131909
2576,131911
2577,131912
2578,131913
2579,131914
2580,131915
2581,131916
2582,131917
2583,131918
2584,131919
2585,131920
2586,131922
2587,131923
2588,131924
2589,131925
2590,131926
2591,131928
2592,131929
2593,131930
2594,131931
2595,131932
2596,131933
2597,131934
2598,131935
2599,131937
2600,131938
2601,131939
2602,131940
2603,131941
2604,131943
2605,131944
2606,131945
2607,131946
2608,131948
2609,131949
2610,131950
2611,131951
2612,131952
2613,131953
2614,131954
2615,131955
2616,131956
2617,131957
2618,131958
2619,131959
2620,131960
2621,131961
2622,131962
2623,131963
2624,131964
2625,131965
2626,131966
2627,131967
2628,131968
2629,131969
2630,131970
2631,131971
2632,131972
2633,131973
2634,131974
2635,131975
2636,131976
2637,131977
2638,131978
2639,131979
2640,131980
2641,131981
2642,131982
2643,131983
2644,131985
2645,131986
2646,131987
2647,131988
2648,131989
2649,131990
2650,131991
2651,131992
2652,131993
2653,131994
2654,131995
2655,131996
2656,131997
2657,131998
2658,131999
2659,132000
2660,132001
2661,132002
2662,132003
2663,132004
2664,132005
2665,132006
2666,132008
2667,132009
2668,132010
2669,132011
2670,132012
2671,132013
2672,132015
2673,132017
2674,132018
2675,132019
2676,132020
2677,132021
2678,132022
2679,132023
2680,132024
2681,132025
2682,132026
2683,132028
2684,132030
2685,132031
2686,132032
2687,132033
2688,132034
2689,132035
2690,132037
2691,132038
2692,132039
2693,132040
2694,132041
2695,132042
2696,132043
2697,132044
2698,132045
2699,132046
2700,132047
2701,132048
2702,132049
2703,132050
2704,132051
2705,132052
2706,132053
2707,132054
2708,132055
2709,132056
2710,132057
2711,132058
2712,132059
2713,132060
2714,132061
2715,132062
2716,132063
2717,132064
2718,132065
2719,132066
2720,132067
2721,132068
2722,132069
2723,132070
2724,132071
2725,132072
2726,132073
2727,132075
2728,132076
2729,132077
2730,132078
2731,132079
2732,132080
2733,132081
2734,132082
2735,132083
2736,132084
2737,132085
2738,132086
2739,132087
2740,132088
2741,132089
2742,132090
2743,132091
2744,132092
2745,132093
2746,132094
2747,132095
2748,132096
2749,132097
2750,132098
2751,132099
2752,132100
2753,132101
2754,132102
2755,132103
2756,132104
2757,132105
2758,132106
2759,132107
2760,132108
2761,132109
2762,132110
2763,132111
2764,132112
2765,132113
2766,132114
2767,132115
2768,132116
2769,132117
2770,132118
2771,132119
2772,132120
2773,132121
2774,132122
2775,132123
2776,132124
2777,132125
2778,132126
2779,132127
2780,132129
2781,132130
2782,132131
2783,132132
2784,132133
2785,132134
2786,132135
2787,132136
2788,132137
2789,132138
2790,132139
2791,132140
2792,132141
2793,132142
2794,132143
2795,132144
2796,132145
2797,132151
2798,132152
2799,132153
2800,132154
2801,132155
2802,132156
2803,132157
2804,132158
2805,132159
2806,132160
2807,132161
2808,132162
2809,132163
2810,132164
2811,132165
2812,132167
2813,132168
2814,132169
2815,132170
2816,132171
2817,132173
2818,132174
2819,132175
2820,132177
2821,132182
2822,132184
2823,132185
2824,132186
2825,132188
2826,132189
2827,132190
2828,132191
2829,132192
2830,132193
2831,132194
2832,132195
2833,132196
2834,132197
2835,132198
2836,132199
2837,132201
2838,132203
2839,132204
2840,132206
2841,132208
2842,132209
2843,132210
2844,132211
2845,132212
2846,132214
2847,132215
2848,132216
2849,132217
2850,132218
2851,132219
2852,132220
2853,132222
2854,132223
2855,132224
2856,132226
2857,132227
2858,132228
2859,132229
2860,132230
2861,132231
2862,132232
2863,132233
2864,132235
2865,132236
2866,132237
2867,132238
2868,132239
2869,132240
2870,132241
2871,132242
2872,132245
2873,132246
2874,132247
2875,132248
2876,132249
2877,132251
2878,132253
2879,132254
2880,132255
2881,132256
2882,132257
2883,132258
2884,132259
2885,132260
2886,132262
2887,132263
2888,132264
2889,132265
2890,132266
2891,132267
2892,132268
2893,132269
2894,132270
2895,132271
2896,132272
2897,132274
2898,132277
2899,132278
2900,132283
2901,132284
2902,132287
2903,132288
2904,132289
2905,132290
2906,132291
2907,132292
2908,132296
2909,132297
2910,132298
2911,132302
2912,132303
2913,132305
2914,132306
2915,132307
2916,132309
2917,132310
2918,132311
2919,132312
2920,132313
2921,132316
2922,132318
2923,132319
2924,132322
2925,132323
2926,132324
2927,132325
2928,132326
2929,132327
2930,132329
2931,132330
2932,132332
2933,132333
2934,132335
2935,132336
2936,132337
2937,132338
2938,132339
2939,132340
2940,132343
2941,132344
2942,132346
2943,132347
2944,132348
2945,132349
2946,132351
2947,132352
2948,132353
2949,132354
2950,132355
2951,132356
2952,132357
2953,132358
2954,132359
2955,132360
2956,132361
2957,132362
2958,132364
2959,132365
2960,132366
2961,132367
2962,132368
2963,132369
2964,132371
2965,132372
2966,132373
2967,132374
2968,132375
2969,132376
2970,132380
2971,132381
2972,132382
2973,132383
2974,132384
2975,132385
2976,132387
2977,132389
2978,132390
2979,132392
2980,132393
2981,132397
2982,132398
2983,132401
2984,132402
2985,132403
2986,132404
2987,132405
2988,132406
2989,132408
2990,132409
2991,132411
2992,132413
2993,132414
2994,132415
2995,132416
2996,132417
2997,132419
2998,132420
2999,132421
3000,132423
3001,132424
3002,132425
3003,132426
3004,132427
3005,132429
3006,132430
3007,132432
3008,132433
3009,132435
3010,132436
3011,132437
3012,132438
3013,132439
3014,132443
3015,132444
3016,132445
3017,132446
3018,132447
3019,132448
3020,132451
3021,132452
3022,132453
3023,132454
3024,132455
3025,132456
3026,132458
3027,132459
3028,132460
3029,132461
3030,132464
3031,132465
3032,132466
3033,132467
3034,132468
3035,132469
3036,132470
3037,132471
3038,132472
3039,132473
3040,132474
3041,132477
3042,132478
3043,132479
3044,132480
3045,132481
3046,132483
3047,132484
3048,132486
3049,132489
3050,132490
3051,132491
3052,132492
3053,132493
3054,132494
3055,132495
3056,132496
3057,132497
3058,132498
3059,132499
3060,132500
3061,132501
3062,132502
3063,132503
3064,132504
3065,132505
3066,132506
3067,132507
3068,132508
3069,132510
3070,132511
3071,132512
3072,132513
3073,132514
3074,132516
3075,132518
3076,132520
3077,132522
3078,132523
3079,132528
3080,132530
3081,132533
3082,132534
3083,132535
3084,132540
3085,132541
3086,132542
3087,132543
3088,132545
3089,132550
3090,132551
3091,132552
3092,132553
3093,132555
3094,132558
3095,132559
3096,132560
3097,132561
3098,132562
3099,132566
3100,132567
3101,132568
3102,132570
3103,132572
3104,132573
3105,132574
3106,132578
3107,132579
3108,132580
3109,132581
3110,132582
3111,132583
3112,132584
3113,132586
3114,132587
3115,132588
3116,132589
3117,132590
3118,132591
3119,132592
3120,132593
3121,132594
3122,132595
3123,132597
3124,132598
3125,132599
3126,132600
3127,132601
3128,132602
3129,132603
3130,132605
3131,132607
3132,132608
3133,132609
3134,132610
3135,132611
3136,132612
3137,132613
3138,132614
3139,132615
3140,132616
3141,132617
3142,132618
3143,132619
3144,132620
3145,132621
3146,132622
3147,132623
3148,132624
3149,132625
3150,132626
3151,132627
3152,132628
3153,132631
3154,132633
3155,132634
3156,132635
3157,132636
3158,132637
3159,132638
3160,132640
3161,132641
3162,132642
3163,132643
3164,132644
3165,132645
3166,132646
3167,132647
3168,132649
3169,132650
3170,132651
3171,132652
3172,132653
3173,132654
3174,132655
3175,132656
3176,132657
3177,132658
3178,132659
3179,132661
3180,132662
3181,132663
3182,132664
3183,132665
3184,132666
3185,132667
3186,132668
3187,132670
3188,132671
3189,132672
3190,132673
3191,132674
3192,132675
3193,132676
3194,132677
3195,132678
3196,132679
3197,132680
3198,132681
3199,132682
3200,132683
3201,132684
3202,132685
3203,132686
3204,132687
3205,132688
3206,132689
3207,132690
3208,132691
3209,132692
3210,132697
3211,132698
3212,132699
3213,132700
3214,132701
3215,132702
3216,132703
3217,132704
3218,132705
3219,132706
3220,132707
3221,132708
3222,132709
3223,132710
3224,132711
3225,132712
3226,132713
3227,132714
3228,132715
3229,132716
3230,132717
3231,132718
3232,132719
3233,132720
3234,132721
3235,132722
3236,132723
3237,132724
3238,132725
3239,132726
3240,132727
3241,132728
3242,132729
3243,132730
3244,132731
3245,132732
3246,132734
3247,132735
3248,132737
3249,132739
3250,132740
3251,132741
3252,132742
3253,132743
3254,132744
3255,132745
3256,132746
3257,132747
3258,132748
3259,132749
3260,132750
3261,132751
3262,132752
3263,132754
3264,132755
3265,132756
3266,132758
3267,132759
3268,132760
3269,132763
3270,132764
3271,132765
3272,132766
3273,132767
3274,132768
3275,132770
3276,132771
3277,132772
3278,132773
3279,132774
3280,132775
3281,132776
3282,132777
3283,132778
3284,132779
3285,132780
3286,132781
3287,132783
3288,132784
3289,132785
3290,132786
3291,132787
3292,132788
3293,132789
3294,132790
3295,132792
3296,132793
3297,132794
3298,132795
3299,132796
3300,132797
3301,132800
3302,132801
3303,132802
3304,132803
3305,132804
3306,132805
3307,132806
3308,132808
3309,132810
3310,132811
3311,132812
3312,132813
3313,132814
3314,132815
3315,132816
3316,132817
3317,132818
3318,132819
3319,132820
3320,132821
3321,132822
3322,132823
3323,132824
3324,132825
3325,132826
3326,132827
3327,132828
3328,132829
3329,132830
3330,132831
3331,132832
3332,132833
3333,132835
3334,132836
3335,132837
3336,132838
3337,132839
3338,132840
3339,132841
3340,132842
3341,132843
3342,132844
3343,132845
3344,132846
3345,132847
3346,132848
3347,132849
3348,132850
3349,132851
3350,132852
3351,132853
3352,132854
3353,132855
3354,132856
3355,132857
3356,132858
3357,132859
3358,132860
3359,132861
3360,132862
3361,132863
3362,132864
3363,132865
3364,132866
3365,132867
3366,132868
3367,132869
3368,132870
3369,132871
3370,132872
3371,132873
3372,132874
3373,132875
3374,132876
3375,132877
3376,132881
3377,132882
3378,132883
3379,132884
3380,132886
3381,132887
3382,132888
3383,132889
3384,132890
3385,132891
3386,132892
3387,132893
3388,132894
3389,132895
3390,132896
3391,132897
3392,132898
3393,132899
3394,132900
3395,132901
3396,132902
3397,132903
3398,132904
3399,132905
3400,132906
3401,132907
3402,132908
3403,132909
3404,132910
3405,132911
3406,132912
3407,132913
3408,132914
3409,132915
3410,132916
3411,132917
3412,132918
3413,132919
3414,132920
3415,132921
3416,132922
3417,132923
3418,132924
3419,132925
3420,132926
3421,132927
3422,132928
3423,132929
3424,132930
3425,132931
3426,132932
3427,132933
3428,132934
3429,132935
3430,132936
3431,132937
3432,132938
3433,132939
3434,132940
3435,132941
3436,132942
3437,132943
3438,132944
3439,132945
3440,132946
3441,132947
3442,132948
3443,132949
3444,132950
3445,132951
3446,132952
3447,132953
3448,132954
3449,132955
3450,132956
3451,132957
3452,132958
3453,132959
3454,132960
3455,132961
3456,132962
3457,132963
3458,132964
3459,132965
3460,132966
3461,132967
3462,132968
3463,132969
3464,132970
3465,132971
3466,132972
3467,132973
3468,132974
3469,132975
3470,132976
3471,132977
3472,132978
3473,132979
3474,132980
3475,132981
3476,132982
3477,132983
3478,132984
3479,132985
3480,132986
3481,132987
3482,132988
3483,132989
3484,132990
3485,132991
3486,132992
3487,132993
3488,132994
3489,132995
3490,132996
3491,132997
3492,132998
3493,132999
3494,133000
3495,133001
3496,133002
3497,133003
3498,133004
3499,133005
3500,133006
3501,133007
3502,133009
3503,133011
3504,133012
3505,133013
3506,133014
3507,133016
3508,133017
3509,133018
3510,133020
3511,133021
3512,133023
3513,133025
3514,133026
3515,133027
3516,133028
3517,133029
3518,133030
3519,133031
3520,133032
3521,133033
3522,133034
3523,133035
3524,133036
3525,133037
3526,133038
3527,133039
3528,133040
3529,133041
3530,133042
3531,133044
3532,133045
3533,133046
3534,133047
3535,133048
3536,133049
3537,133050
3538,133051
3539,133053
3540,133054
3541,133055
3542,133056
3543,133057
3544,133058
3545,133059
3546,133060
3547,133062
3548,133063
3549,133064
3550,133065
3551,133067
3552,133068
3553,133069
3554,133070
3555,133072
3556,133073
3557,133074
3558,133075
3559,133076
3560,133077
3561,133078
3562,133080
3563,133081
3564,133083
3565,133084
3566,133085
3567,133086
3568,133087
3569,133088
3570,133089
3571,133090
3572,133092
3573,133094
3574,133095
3575,133096
3576,133097
3577,133100
3578,133101
3579,133102
3580,133103
3581,133104
3582,133105
3583,133106
3584,133107
3585,133108
3586,133110
3587,133111
3588,133112
3589,133113
3590,133115
3591,133116
3592,133117
3593,133118
3594,133119
3595,133120
3596,133121
3597,133122
3598,133123
3599,133124
3600,133125
3601,133126
3602,133127
3603,133128
3604,133129
3605,133130
3606,133131
3607,133132
3608,133133
3609,133134
3610,133136
3611,133137
3612,133138
3613,133139
3614,133140
3615,133142
3616,133144
3617,133145
3618,133146
3619,133147
3620,133148
3621,133150
3622,133152
3623,133153
3624,133154
3625,133155
3626,133156
3627,133157
3628,133158
3629,133161
3630,133162
3631,133163
3632,133164
3633,133165
3634,133166
3635,133167
3636,133168
3637,133169
3638,133170
3639,133171
3640,133172
3641,133173
3642,133174
3643,133175
3644,133176
3645,133177
3646,133178
3647,133179
3648,133180
3649,133181
3650,133182
3651,133183
3652,133184
3653,133185
3654,133186
3655,133188
3656,133189
3657,133190
3658,133191
3659,133192
3660,133193
3661,133195
3662,133196
3663,133197
3664,133198
3665,133199
3666,133200
3667,133201
3668,133202
3669,133203
3670,133204
3671,133205
3672,133206
3673,133207
3674,133208
3675,133209
3676,133210
3677,133211
3678,133212
3679,133213
3680,133214
3681,133215
3682,133216
3683,133217
3684,133218
3685,133219
3686,133220
3687,133221
3688,133222
3689,133223
3690,133224
3691,133225
3692,133226
3693,133227
3694,133228
3695,133229
3696,133230
3697,133231
3698,133232
3699,133233
3700,133234
3701,133235
3702,133236
3703,133237
3704,133238
3705,133239
3706,133240
3707,133241
3708,133242
3709,133243
3710,133244
3711,133245
3712,133246
3713,133247
3714,133248
3715,133249
3716,133250
3717,133251
3718,133252
3719,133253
3720,133254
3721,133255
3722,133256
3723,133257
3724,133258
3725,133259
3726,133260
3727,133261
3728,133262
3729,133263
3730,133264
3731,133265
3732,133266
3733,133268
3734,133270
3735,133271
3736,133272
3737,133273
3738,133274
3739,133275
3740,133276
3741,133278
3742,133279
3743,133280
3744,133281
3745,133282
3746,133283
3747,133284
3748,133285
3749,133286
3750,133287
3751,133288
3752,133289
3753,133290
3754,133291
3755,133292
3756,133293
3757,133294
3758,133295
3759,133296
3760,133297
3761,133298
3762,133299
3763,133300
3764,133301
3765,133302
3766,133303
3767,133304
3768,133306
3769,133307
3770,133308
3771,133309
3772,133310
3773,133311
3774,133312
3775,133313
3776,133314
3777,133315
3778,133316
3779,133317
3780,133319
3781,133320
3782,133321
3783,133323
3784,133324
3785,133325
3786,133326
3787,133327
3788,133328
3789,133329
3790,133330
3791,133331
3792,133332
3793,133333
3794,133334
3795,133335
3796,133336
3797,133337
3798,133338
3799,133339
3800,133340
3801,133341
3802,133342
3803,133343
3804,133344
3805,133345
3806,133346
3807,133347
3808,133349
3809,133350
3810,133351
3811,133352
3812,133353
3813,133354
3814,133356
3815,133357
3816,133359
3817,133360
3818,133361
3819,133362
3820,133363
3821,133364
3822,133365
3823,133366
3824,133367
3825,133368
3826,133369
3827,133370
3828,133372
3829,133373
3830,133374
3831,133375
3832,133376
3833,133379
3834,133380
3835,133381
3836,133382
3837,133383
3838,133384
3839,133385
3840,133386
3841,133387
3842,133388
3843,133389
3844,133390
3845,133391
3846,133392
3847,133393
3848,133394
3849,133395
3850,133396
3851,133398
3852,133399
3853,133400
3854,133401
3855,133402
3856,133403
3857,133404
3858,133405
3859,133406
3860,133407
3861,133408
3862,133409
3863,133410
3864,133411
3865,133412
3866,133413
3867,133414
3868,133415
3869,133417
3870,133418
3871,133419
3872,133420
3873,133422
3874,133423
3875,133424
3876,133425
3877,133426
3878,133427
3879,133428
3880,133429
3881,133430
3882,133432
3883,133433
3884,133434
3885,133435
3886,133436
3887,133437
3888,133438
3889,133439
3890,133440
3891,133441
3892,133442
3893,133443
3894,133444
3895,133445
3896,133446
3897,133447
3898,133448
3899,133449
3900,133450
3901,133451
3902,133452
3903,133453
3904,133454
3905,133455
3906,133456
3907,133457
3908,133458
3909,133459
3910,133460
3911,133461
3912,133462
3913,133463
3914,133464
3915,133465
3916,133466
3917,133467
3918,133468
3919,133469
3920,133470
3921,133471
3922,133472
3923,133473
3924,133474
3925,133475
3926,133476
3927,133477
3928,133478
3929,133479
3930,133480
3931,133481
3932,133482
3933,133483
3934,133484
3935,133485
3936,133486
3937,133487
3938,133488
3939,133489
3940,133490
3941,133491
3942,133492
3943,133493
3944,133494
3945,133495
3946,133496
3947,133497
3948,133498
3949,133499
3950,133500
3951,133501
3952,133502
3953,133503
3954,133504
3955,133505
3956,133506
3957,133507
3958,133508
3959,133509
3960,133510
3961,133511
3962,133512
3963,133513
3964,133514
3965,133515
3966,133516
3967,133517
3968,133518
3969,133519
3970,133520
3971,133521
3972,133522
3973,133523
3974,133524
3975,133525
3976,133526
3977,133527
3978,133528
3979,133530
3980,133531
3981,133532
3982,133533
3983,133534
3984,133536
3985,133537
3986,133538
3987,133540
3988,133541
3989,133542
3990,133543
3991,133544
3992,133545
3993,133546
3994,133547
3995,133548
3996,133549
3997,133550
3998,133551
3999,133553
4000,133554
4001,133555
4002,133557
4003,133558
4004,133559
4005,133560
4006,133561
4007,133562
4008,133563
4009,133564
4010,133565
4011,133566
4012,133567
4013,133568
4014,133569
4015,133570
4016,133571
4017,133572
4018,133573
4019,133574
4020,133575
4021,133576
4022,133577
4023,133578
4024,133579
4025,133580
4026,133581
4027,133582
4028,133583
4029,133584
4030,133585
4031,133586
4032,133587
4033,133588
4034,133589
4035,133590
4036,133591
4037,133592
4038,133593
4039,133594
4040,133595
4041,133596
4042,133597
4043,133598
4044,133599
4045,133600
4046,133601
4047,133602
4048,133603
4049,133604
4050,133605
4051,133606
4052,133607
4053,133608
4054,133610
4055,133611
4056,133612
4057,133613
4058,133614
4059,133616
4060,133617
4061,133618
4062,133619
4063,133620
4064,133621
4065,133622
4066,133623
4067,133624
4068,133625
4069,133626
4070,133627
4071,133628
4072,133629
4073,133630
4074,133631
4075,133632
4076,133633
4077,133634
4078,133635
4079,133636
4080,133637
4081,133638
4082,133639
4083,133640
4084,133641
4085,133642
4086,133643
4087,133644
4088,133645
4089,133646
4090,133647
4091,133648
4092,133650
4093,133651
4094,133652
4095,133653
4096,133656
4097,133657
4098,133658
4099,133659
4100,133661
4101,133662
4102,133663
4103,133664
4104,133667
4105,133668
4106,133670
4107,133671
4108,133672
4109,133673
4110,133674
4111,133675
4112,133677
4113,133678
4114,133679
4115,133681
4116,133682
4117,133684
4118,133685
4119,133686
4120,133687
4121,133688
4122,133689
4123,133690
4124,133691
4125,133692
4126,133693
4127,133694
4128,133695
4129,133696
4130,133697
4131,133698
4132,133699
4133,133700
4134,133701
4135,133702
4136,133703
4137,133704
4138,133705
4139,133706
4140,133707
4141,133708
4142,133709
4143,133710
4144,133711
4145,133712
4146,133713
4147,133714
4148,133715
4149,133716
4150,133717
4151,133718
4152,133719
4153,133720
4154,133721
4155,133722
4156,133723
4157,133724
4158,133725
4159,133726
4160,133727
4161,133728
4162,133729
4163,133730
4164,133731
4165,133732
4166,133733
4167,133734
4168,133735
4169,133736
4170,133737
4171,133738
4172,133739
4173,133740
4174,133741
4175,133742
4176,133743
4177,133744
4178,133745
4179,133746
4180,133747
4181,133748
4182,133749
4183,133750
4184,133751
4185,133752
4186,133753
4187,133754
4188,133755
4189,133756
4190,133757
4191,133758
4192,133759
4193,133760
4194,133761
4195,133762
4196,133763
4197,133764
4198,133765
4199,133766
4200,133767
4201,133768
4202,133769
4203,133770
4204,133771
4205,133772
4206,133773
4207,133774
4208,133775
4209,133776
4210,133777
4211,133778
4212,133779
4213,133780
4214,133781
4215,133782
4216,133783
4217,133784
4218,133785
4219,133786
4220,133787
4221,133788
4222,133789
4223,133790
4224,133791
4225,133792
4226,133793
4227,133794
4228,133795
4229,133796
4230,133797
4231,133798
4232,133799
4233,133800
4234,133801
4235,133802
4236,133803
4237,133804
4238,133805
4239,133806
4240,133807
4241,133808
4242,133809
4243,133810
4244,133811
4245,133812
4246,133813
4247,133814
4248,133815
4249,133816
4250,133817
4251,133818
4252,133819
4253,133820
4254,133821
4255,133822
4256,133823
4257,133824
4258,133825
4259,133826
4260,133827
4261,133828
4262,133829
4263,133830
4264,133831
4265,133832
4266,133833
4267,133834
4268,133835
4269,133836
4270,133837
4271,133838
4272,133839
4273,133840
4274,133841
4275,133842
4276,133843
4277,133844
4278,133845
4279,133846
4280,133847
4281,133848
4282,133849
4283,133850
4284,133851
4285,133852
4286,133853
4287,133854
4288,133855
4289,133856
4290,133857
4291,133858
4292,133859
4293,133860
4294,133861
4295,133862
4296,133863
4297,133864
4298,133865
4299,133866
4300,133867
4301,133868
4302,133869
4303,133870
4304,133871
4305,133872
4306,133873
4307,133874
4308,133875
4309,133876
4310,133877
4311,133878
4312,133879
4313,133880
4314,133881
4315,133882
4316,133883
4317,133884
4318,133885
4319,133886
4320,133887
4321,133888
4322,133889
4323,133890
4324,133891
4325,133892
4326,133893
4327,133894
4328,133895
4329,133896
4330,133897
4331,133898
4332,133899
4333,133900
4334,133901
4335,133902
4336,133903
4337,133904
4338,133905
4339,133906
4340,133907
4341,133908
4342,133909
4343,133910
4344,133911
4345,133912
4346,133913
4347,133914
4348,133915
4349,133916
4350,133917
4351,133918
4352,133919
4353,133920
4354,133921
4355,133922
4356,133923
4357,133924
4358,133925
4359,133926
4360,133927
4361,133928
4362,133929
4363,133930
4364,133931
4365,133932
4366,133933
4367,133934
4368,133935
4369,133936
4370,133937
4371,133938
4372,133939
4373,133940
4374,133941
4375,133942
4376,133943
4377,133944
4378,133945
4379,133946
4380,133947
4381,133948
4382,133949
4383,133950
4384,133951
4385,133952
4386,133953
4387,133954
4388,133955
4389,133956
4390,133957
4391,133958
4392,133959
4393,133960
4394,133961
4395,133962
4396,133963
4397,133964
4398,133965
4399,133966
4400,133967
4401,133968
4402,133969
4403,133970
4404,133971
4405,133972
4406,133973
4407,133974
4408,133975
4409,133976
4410,133977
4411,133978
4412,133979
4413,133980
4414,133981
4415,133982
4416,133983
4417,133984
4418,133985
4419,133986
4420,133987
4421,133988
4422,133989
4423,133990
4424,133991
4425,133992
4426,133993
4427,133994
4428,133995
4429,133996
4430,133997
4431,133998
4432,133999
4433,134000
4434,134001
4435,134002
4436,134003
4437,134004
4438,134005
4439,134006
4440,134007
4441,134008
4442,134009
4443,134010
4444,134011
4445,134012
4446,134013
4447,134014
4448,134015
4449,134016
4450,134017
4451,134018
4452,134019
4453,134020
4454,134021
4455,134022
4456,134023
4457,134024
4458,134025
4459,134026
4460,134027
4461,134028
4462,134029
4463,134030
4464,134031
4465,134032
4466,134033
4467,134034
4468,134035
4469,134036
4470,134037
4471,134038
4472,134039
4473,134040
4474,134041
4475,134042
4476,134043
4477,134044
4478,134045
4479,134046
4480,134047
4481,134048
4482,134049
4483,134050
4484,134051
4485,134052
4486,134053
4487,134054
4488,134055
4489,134056
4490,134057
4491,134058
4492,134059
4493,134060
4494,134061
4495,134062
4496,134063
4497,134064
4498,134065
4499,134066
4500,134067
4501,134068
4502,134069
4503,134070
4504,134071
4505,134072
4506,134073
4507,134074
4508,134075
4509,134076
4510,134077
4511,134078
4512,134079
4513,134080
4514,134081
4515,134082
4516,134083
4517,134084
4518,134085
4519,134086
4520,134087
4521,134088
4522,134089
4523,134090
4524,134091
4525,134092
4526,134093
4527,134094
4528,134095
4529,134096
4530,134097
4531,134098
4532,134099
4533,134100
4534,134101
4535,134102
4536,134103
4537,134104
4538,134105
4539,134106
4540,134107
4541,134108
4542,134109
4543,134110
4544,134111
4545,134112
4546,134113
4547,134114
4548,134115
4549,134116
4550,134117
4551,134118
4552,134119
4553,134120
4554,134121
4555,134122
4556,134123
4557,134124
4558,134125
4559,134126
4560,134127
4561,134128
4562,134129
4563,134130
4564,134131
4565,134132
4566,134133
4567,134134
4568,134135
4569,134136
4570,134137
4571,134138
4572,134139
4573,134140
4574,134141
4575,134142
4576,134143
4577,134144
4578,134145
4579,134146
4580,134147
4581,134148
4582,134149
4583,134150
4584,134151
4585,134152
4586,134153
4587,134154
4588,134155
4589,134156
4590,134157
4591,134158
4592,134159
4593,134160
4594,134161
4595,134162
4596,134163
4597,134164
4598,134165
4599,134166
4600,134167
4601,134168
4602,134169
4603,134170
4604,134171
4605,134172
4606,134173
4607,134174
4608,134175
4609,134176
4610,134177
4611,134178
4612,134179
4613,134180
4614,134181
4615,134182
4616,134183
4617,134184
4618,134185
4619,134186
4620,134187
4621,134188
4622,134189
4623,134190
4624,134191
4625,134192
4626,134193
4627,134194
4628,134195
4629,134196
4630,134197
4631,134198
4632,134199
4633,134200
4634,134201
4635,134202
4636,134203
4637,134204
4638,134205
4639,134206
4640,134207
4641,134208
4642,134209
4643,134210
4644,134211
4645,134212
4646,134213
4647,134214
4648,134215
4649,134216
4650,134217
4651,134218
4652,134219
4653,134220
4654,134221
4655,134222
4656,134223
4657,134224
4658,134225
4659,134226
4660,134227
4661,134228
4662,134229
4663,134230
4664,134231
4665,134232
4666,134233
4667,134234
4668,134235
4669,134236
4670,134237
4671,134238
4672,134239
4673,134240
4674,134241
4675,134242
4676,134243
4677,134244
4678,134245
4679,134246
4680,134247
4681,134248
4682,134249
4683,134250
4684,134251
4685,134252
4686,134253
4687,134254
4688,134255
4689,134256
4690,134257
4691,134258
4692,134259
4693,134260
4694,134261
4695,134262
4696,134263
4697,134264
4698,134265
4699,134266
4700,134267
4701,134268
4702,134269
4703,134270
4704,134271
4705,134272
4706,134273
4707,134274
4708,134275
4709,134276
4710,134277
4711,134278
4712,134279
4713,134280
4714,134281
4715,134282
4716,134283
4717,134284
4718,134285
4719,134286
4720,134287
4721,134288
4722,134289
4723,134290
4724,134291
4725,134292
4726,134293
4727,134294
4728,134295
4729,134296
4730,134297
4731,134298
4732,134299
4733,134300
4734,134301
4735,134302
4736,134303
4737,134304
4738,134305
4739,134306
4740,134307
4741,134308
4742,134309
4743,134310
4744,134311
4745,134312
4746,134313
4747,134314
4748,134315
4749,134316
4750,134317
4751,134318
4752,134319
4753,134320
4754,134321
4755,134322
4756,134323
4757,134324
4758,134325
4759,134326
4760,134327
4761,134328
4762,134329
4763,134330
4764,134331
4765,134332
4766,134333
4767,134334
4768,134335
4769,134336
4770,134337
4771,134338
4772,134339
4773,134340
4774,134341
4775,134342
4776,134343
4777,134344
4778,134345
4779,134346
4780,134347
4781,134348
4782,134349
4783,134350
4784,134351
4785,134352
4786,134353
4787,134354
4788,134355
4789,134356
4790,134357
4791,134358
4792,134359
4793,134360
4794,134361
4795,134362
4796,134363
4797,134364
4798,134365
4799,134366
4800,134367
4801,134368
4802,134369
4803,134370
4804,134371
4805,134372
4806,134373
4807,134374
4808,134375
4809,134376
4810,134377
4811,134378
4812,134379
4813,134380
4814,134381
4815,134382
4816,134383
4817,134384
4818,134385
4819,134386
4820,134387
4821,134388
4822,134389
4823,134390
4824,134391
4825,134392
4826,134393
4827,134394
4828,134395
4829,134396
4830,134397
4831,134398
4832,134399
4833,134400
4834,134401
4835,134402
4836,134403
4837,134404
4838,134405
4839,134406
4840,134407
4841,134408
4842,134409
4843,134410
4844,134411
4845,134412
4846,134413
4847,134414
4848,134415
4849,134416
4850,134417
4851,134418
4852,134419
4853,134420
4854,134421
4855,134422
4856,134423
4857,134424
4858,134425
4859,134426
4860,134427
4861,134428
4862,134429
4863,134430
4864,134431
4865,134432
4866,134433
4867,134434
4868,134435
4869,134436
4870,134437
4871,134438
4872,134439
4873,134440
4874,134441
4875,134442
4876,134443
4877,134444
4878,134445
4879,134446
4880,134447
4881,134448
4882,134449
4883,134450
4884,134451
4885,134452
4886,134453
4887,134454
4888,134455
4889,134456
4890,134457
4891,134458
4892,134459
4893,134460
4894,134461
4895,134462
4896,134463
4897,134464
4898,134465
4899,134466
4900,134467
4901,134468
4902,134469
4903,134470
4904,134471
4905,134472
4906,134473
4907,134474
4908,134475
4909,134476
4910,134477
4911,134478
4912,134479
4913,134480
4914,134481
4915,134482
4916,134483
4917,134484
4918,134485
4919,134486
4920,134487
4921,134488
4922,134489
4923,134490
4924,134491
4925,134492
4926,134493
4927,134494
4928,134495
4929,134496
4930,134497
4931,134498
4932,134499
4933,134500
4934,134501
4935,134502
4936,134503
4937,134504
4938,134505
4939,134506
4940,134507
4941,134508
4942,134509
4943,134510
4944,134511
4945,134512
4946,134513
4947,134514
4948,134515
4949,134516
4950,134517
4951,134518
4952,134519
4953,134520
4954,134521
4955,134522
4956,134523
4957,134524
4958,134525
4959,134526
4960,134527
4961,134528
4962,134529
4963,134530
4964,134531
4965,134532
4966,134533
4967,134534
4968,134535
4969,134536
4970,134537
4971,134538
4972,134539
4973,134540
4974,134541
4975,134542
4976,134543
4977,134544
4978,134545
4979,134546
4980,134547
4981,134548
4982,134549
4983,134550
4984,134551
4985,134552
4986,134553
4987,134554
4988,134555
4989,134556
4990,134557
4991,134558
4992,134559
4993,134560
4994,134561
4995,134562
4996,134563
4997,134564
4998,134565
4999,134566
5000,134567
5001,134568
5002,134569
5003,134570
5004,134571
5005,134572
5006,134573
5007,134574
5008,134575
5009,134576
5010,134577
5011,134578
5012,134579
5013,134580
5014,134581
5015,134582
5016,134583
5017,134584
5018,134585
5019,134586
5020,134587
5021,134588
5022,134589
5023,134590
5024,134591
5025,134592
5026,134593
5027,134594
5028,134595
5029,134596
5030,134597
5031,134598
5032,134599
5033,134600
5034,134601
5035,134602
5036,134603
5037,134604
5038,134605
5039,134606
5040,134607
5041,134608
5042,134609
5043,134610
5044,134611
5045,134612
5046,134613
5047,134614
5048,134615
5049,134616
5050,134617
5051,134618
5052,134619
5053,134620
5054,134621
5055,134622
5056,134623
5057,134624
5058,134625
5059,134626
5060,134627
5061,134628
5062,134629
5063,134630
5064,134631
5065,134632
5066,134633
5067,134634
5068,134635
5069,134636
5070,134637
5071,134638
5072,134639
5073,134640
5074,134641
5075,134642
5076,134643
5077,134644
5078,134645
5079,134646
5080,134647
5081,134648
5082,134649
5083,134650
5084,134651
5085,134652
5086,134653
5087,134654
5088,134655
5089,134656
5090,134657
5091,134658
5092,134659
5093,134660
5094,134661
5095,134662
5096,134663
5097,134664
5098,134665
5099,134666
5100,134667
5101,134668
5102,134669
5103,134670
5104,134671
5105,134672
5106,134673
5107,134674
5108,134675
5109,134676
5110,134677
5111,134678
5112,134679
5113,134680
5114,134681
5115,134682
5116,134683
5117,134684
5118,134685
5119,134686
5120,134687
5121,134688
5122,134689
5123,134690
5124,134691
5125,134692
5126,134693
5127,134694
5128,134695
5129,134696
5130,134697
5131,134698
5132,134699
5133,134700
5134,134701
5135,134702
5136,134703
5137,134704
5138,134705
5139,134706
5140,134707
5141,134708
5142,134709
5143,134710
5144,134711
5145,134712
5146,134713
5147,134714
5148,134715
5149,134716
5150,134717
5151,134718
5152,134719
5153,134720
5154,134721
5155,134722
5156,134723
5157,134724
5158,134725
5159,134726
5160,134727
5161,134728
5162,134729
5163,134730
5164,134731
5165,134732
5166,134733
5167,134734
5168,134735
5169,134736
5170,134737
5171,134738
5172,134739
5173,134740
5174,134741
5175,134742
5176,134743
5177,134744
5178,134745
5179,134746
5180,134747
5181,134748
5182,134749
5183,134750
5184,134751
5185,134752
5186,134753
5187,134754
5188,134755
5189,134756
5190,134757
5191,134758
5192,134759
5193,134760
5194,134761
5195,134762
5196,134763
5197,134764
5198,134765
5199,134766
5200,134767
5201,134768
5202,134769
5203,134770
5204,134771
5205,134772
5206,134773
5207,134774
5208,134775
5209,134776
5210,134777
5211,134778
5212,134779
5213,134780
5214,134781
5215,134782
5216,134783
5217,134784
5218,134785
5219,134786
5220,134787
5221,134788
5222,134789
5223,134790
5224,134791
5225,134792
5226,134793
5227,134794
5228,134795
5229,134796
5230,134797
5231,134798
5232,134799
5233,134800
5234,134801
5235,134802
5236,134803
5237,134804
5238,134805
5239,134806
5240,134807
5241,134808
5242,134809
5243,134810
5244,134811
5245,134812
5246,134813
5247,134814
5248,134815
5249,134816
5250,134817
5251,134818
5252,134819
5253,134820
5254,134821
5255,134822
5256,134823
5257,134824
5258,134825
5259,134826
5260,134827
5261,134828
5262,134829
5263,134830
5264,134831
5265,134832
5266,134833
5267,134834
5268,134835
5269,134836
5270,134837
5271,134838
5272,134839
5273,134840
5274,134841
5275,134842
5276,134843
5277,134844
5278,134845
5279,134846
5280,134847
5281,134848
5282,134849
5283,134850
5284,134851
5285,134852
5286,134853
5287,134854
5288,134855
5289,134856
5290,134857
5291,134858
5292,134859
5293,134860
5294,134861
5295,134862
5296,134863
5297,134864
5298,134865
5299,134866
5300,134867
5301,134868
5302,134869
5303,134870
5304,134871
5305,134872
5306,134873
5307,134874
5308,134875
5309,134876
5310,134877
5311,134878
5312,134879
5313,134880
5314,134881
5315,134882
5316,134883
5317,134884
5318,134885
5319,134886
5320,134887
5321,134888
5322,134889
5323,134890
5324,134891
5325,134892
5326,134893
5327,134894
5328,134895
5329,134896
5330,134897
5331,134898
5332,134899
5333,134900
5334,134901
5335,134902
5336,134903
5337,134904
5338,134905
5339,134906
5340,134907
5341,134908
5342,134909
5343,134910
5344,134911
5345,134912
5346,134913
5347,134914
5348,134915
5349,134916
5350,134917
5351,134918
5352,134919
5353,134920
5354,134921
5355,134922
5356,134923
5357,134924
5358,134925
5359,134926
5360,134927
5361,134928
5362,134929
5363,134930
5364,134931
5365,134932
5366,134933
5367,134934
5368,134935
5369,134936
5370,134937
5371,134938
5372,134939
5373,134940
5374,134941
5375,134942
5376,134943
5377,134944
5378,134945
5379,134946
5380,134947
5381,134948
5382,134949
5383,134950
5384,134951
5385,134952
5386,134953
5387,134954
5388,134955
5389,134956
5390,134957
5391,134958
5392,134959
5393,134960
5394,134961
5395,134962
5396,134963
5397,134964
5398,134965
5399,134966
5400,134967
5401,134968
5402,134969
5403,134970
5404,134971
5405,134972
5406,134973
5407,134974
5408,134975
5409,134976
5410,134977
5411,134978
5412,134979
5413,134980
5414,134981
5415,134982
5416,134983
5417,134984
5418,134985
5419,134986
5420,134987
5421,134988
5422,134989
5423,134990
5424,134991
5425,134992
5426,134993
5427,134994
5428,134995
5429,134996
5430,134997
5431,134998
5432,134999
5433,135000
5434,135001
5435,135002
5436,135003
5437,135004
5438,135005
5439,135006
5440,135007
5441,135008
5442,135009
5443,135010
5444,135011
5445,135012
5446,135013
5447,135014
5448,135015
5449,135016
5450,135017
5451,135018
5452,135019
5453,135020
5454,135021
5455,135022
5456,135023
5457,135024
5458,135025
5459,135026
5460,135027
5461,135028
5462,135029
5463,135030
5464,135031
5465,135032
5466,135033
5467,135034
5468,135035
5469,135036
5470,135037
5471,135038
5472,135039
5473,135040
5474,135041
5475,135042
5476,135043
5477,135044
5478,135045
5479,135046
5480,135047
5481,135048
5482,135049
5483,135050
5484,135051
5485,135052
5486,135053
5487,135054
5488,135055
5489,135056
5490,135057
5491,135058
5492,135059
5493,135060
5494,135061
5495,135062
5496,135063
5497,135064
5498,135065
5499,135066
5500,135067
5501,135068
5502,135069
5503,135070
5504,135071
5505,135072
5506,135073
5507,135074
5508,135075
5509,135076
5510,135077
5511,135078
5512,135079
5513,135080
5514,135081
5515,135082
5516,135083
5517,135084
5518,135085
5519,135086
5520,135087
